{"nodes": ["A", "B", "C", "D", "E"], "edges": [["A", "C"], ["A", "B"], ["A", "E"], ["A", "D"]], "nodes_colors": {"A": "w", "B": "w", "C": "green", "D": "w", "E": "red"}, "edges_colors": [[["C", "A"], "#2c404c"], [["A", "C"], "#2c404c"], [["B", "A"], "#2c404c"], [["A", "B"], "#2c404c"], [["A", "E"], "#2c404c"], [["E", "A"], "#2c404c"], [["A", "D"], "#2c404c"], [["D", "A"], "#2c404c"]], "edges_labels": [[["A", "C"], "1"], [["A", "B"], "3"], [["A", "E"], "4"], [["A", "D"], "2"]], "layout": {"A": [0.463623395149786, 0.5320970042796006], "B": [0.4579172610556348, 0.7203994293865906], "C": [0.22824536376604848, 0.5349500713266762], "D": [0.4693295292439372, 0.32239657631954355], "E": [0.703281027104137, 0.5192582025677603]}, "node_size": 3.0, "edge_width": 1.0, "startX": 0.0, "startY": 0.0, "scaleX": 1.0, "scaleY": 1.0}