{"nodes": ["A", "D", "E", "F"], "edges": [["A", "E"], ["D", "F"], ["E", "F"]], "nodes_colors": {"A": "w", "D": "w", "E": "w", "F": "w"}, "edges_colors": [[["A", "B"], "#2c404c"], [["B", "A"], "#2c404c"], [["C", "B"], "#2c404c"], [["C", "D"], "#2c404c"], [["D", "C"], "#2c404c"], [["A", "E"], "#2c404c"], [["E", "A"], "#2c404c"], [["E", "F"], "#2c404c"], [["F", "E"], "#2c404c"], [["F", "D"], "#2c404c"], [["D", "F"], "#2c404c"], [["A", "G"], "#2c404c"], [["G", "A"], "#2c404c"], [["G", "H"], "#2c404c"], [["H", "G"], "#2c404c"], [["H", "D"], "#2c404c"], [["D", "H"], "#2c404c"]], "edges_labels": [[["A", "E"], "1,3"], [["D", "F"], "1,3"], [["E", "F"], "2"]], "layout": {"A": [0.14336661911554927, 0.5156918687589158], "D": [0.7211126961483594, 0.507132667617689], "E": [0.3466476462196862, 0.5092724679029957], "F": [0.5278174037089872, 0.5106990014265336]}, "node_size": 3.0, "edge_width": 1.0, "startX": 0.0, "startY": 0.0, "scaleX": 1.0, "scaleY": 1.0}