{"nodes": ["A", "B", "C", "D"], "edges": [["A", "C"], ["A", "B"], ["B", "D"], ["C", "D"]], "nodes_colors": {"A": "w", "B": "w", "C": "w", "D": "w"}, "edges_colors": [[["A", "C"], "#2c404c"], [["C", "A"], "#2c404c"], [["C", "D"], "#2c404c"], [["D", "C"], "#2c404c"], [["D", "B"], "#2c404c"], [["B", "D"], "#2c404c"], [["B", "A"], "#2c404c"], [["A", "B"], "#2c404c"]], "edges_labels": [[["A", "C"], "1"], [["C", "D"], "1"], [["B", "D"], "1"], [["A", "B"], "1"]], "layout": {"A": [0.25106990014265335, 0.7075606276747504], "B": [0.4850213980028531, 0.7061340941512124], "C": [0.25392296718972895, 0.5263908701854494], "D": [0.4864479315263909, 0.5263908701854494]}, "node_size": 3.0, "edge_width": 1.0, "startX": 0.0, "startY": 0.0, "scaleX": 1.0, "scaleY": 1.0}