{"nodes": ["A", "B", "C", "D", "E"], "edges": [["A", "C"], ["A", "B"], ["A", "E"], ["B", "D"], ["B", "E"], ["C", "D"], ["C", "E"], ["D", "E"]], "nodes_colors": {"A": "w", "B": "w", "C": "w", "D": "w", "E": "w"}, "edges_colors": [[["A", "C"], "#2c404c"], [["C", "A"], "#2c404c"], [["C", "D"], "#2c404c"], [["D", "C"], "#2c404c"], [["D", "B"], "#2c404c"], [["B", "D"], "#2c404c"], [["B", "A"], "#2c404c"], [["A", "B"], "#2c404c"], [["C", "E"], "#2c404c"], [["E", "C"], "#2c404c"], [["A", "E"], "#2c404c"], [["E", "A"], "#2c404c"], [["E", "B"], "#2c404c"], [["B", "E"], "#2c404c"], [["E", "D"], "#2c404c"], [["D", "E"], "#2c404c"]], "edges_labels": [[["A", "C"], "1,2,3"], [["C", "D"], "1,2,3"], [["B", "D"], "1,2,3"], [["A", "B"], "1,2,3"], [["C", "E"], "1,2,3"], [["A", "E"], "1,2,3"], [["B", "E"], "1,2,3"], [["D", "E"], "1,2,3"]], "layout": {"A": [0.22111269614835946, 0.7075606276747504], "B": [0.6205420827389445, 0.7104136947218258], "C": [0.2239657631954351, 0.42510699001426533], "D": [0.6291012838801713, 0.42510699001426533], "E": [0.4208273894436519, 0.5592011412268189]}, "node_size": 3.0, "edge_width": 1.0, "startX": 0.0, "startY": 0.0, "scaleX": 1.0, "scaleY": 1.0}