{"nodes": ["A", "B", "C", "D", "E", "F"], "edges": [["A", "F"], ["A", "B"], ["B", "C"], ["C", "D"], ["D", "E"], ["E", "F"]], "nodes_colors": {"A": "w", "B": "w", "C": "w", "D": "w", "E": "w", "F": "w"}, "edges_colors": [[["A", "F"], "#2c404c"], [["F", "A"], "#2c404c"], [["F", "E"], "#2c404c"], [["E", "F"], "#2c404c"], [["E", "D"], "#2c404c"], [["D", "E"], "#2c404c"], [["D", "C"], "#2c404c"], [["C", "D"], "#2c404c"], [["C", "B"], "#2c404c"], [["B", "C"], "#2c404c"], [["B", "A"], "#2c404c"], [["A", "B"], "#2c404c"]], "edges_labels": [[["A", "F"], "1"], [["E", "F"], "1"], [["D", "E"], "1"], [["C", "D"], "1"], [["B", "C"], "1"], [["A", "B"], "1"]], "layout": {"F": [0.975, 0.5], "E": [0.7375, 0.9113620667976083], "D": [0.2625000000000001, 0.9113620667976083], "C": [0.025000000000000022, 0.5000000000000001], "B": [0.2624999999999998, 0.08863793320239172], "A": [0.7374999999999997, 0.0886379332023915]}, "node_size": 3.0, "edge_width": 1.0, "startX": -0.05, "startY": -0.05, "scaleX": 1.05, "scaleY": 1.05}